{
  "project_info": {
    "project_number": "732272918575",
    "firebase_url": "https://womensafetyapp-2f54e.firebaseio.com",
    "project_id": "womensafetyapp-2f54e",
    "storage_bucket": "womensafetyapp-2f54e.appspot.com"
  },
  "client": [
    {
      "client_info": {
        "mobilesdk_app_id": "1:732272918575:android:8d169ee3881638939006da",
        "android_client_info": {
          "package_name": "com.example.womensafetyapp"
        }
      },
      "oauth_client": [
        {
          "client_id": "732272918575-tt2jh1hq61lqqoeb8kn0asu2naicaq8d.apps.googleusercontent.com",
          "client_type": 1,
          "android_info": {
            "package_name": "com.example.womensafetyapp",
            "certificate_hash": "3ddd1c3f44f9831a9916da6a458a767ec96bec19"
          }
        },
        {
          "client_id": "732272918575-hafpc8r7g9k35ild0lt041890gr1tjnj.apps.googleusercontent.com",
          "client_type": 3
        }
      ],
      "api_key": [
        {
          "current_key": "AIzaSyAKUsNVPXHrzhq9l8EcvpIY5R1bQ1wkPAg"
        }
      ],
      "services": {
        "appinvite_service": {
          "other_platform_oauth_client": [
            {
              "client_id": "732272918575-hafpc8r7g9k35ild0lt041890gr1tjnj.apps.googleusercontent.com",
              "client_type": 3
            }
          ]
        }
      }
    }
  ],
  "configuration_version": "1"
}